<?xml version="1.0" encoding="UTF-8"?>

<!--
    Document   : ClassParsingES.xml
    Created on : den 19 april 2008, 16:30
    Author     : racy
    Description:
        Purpose of the document follows.
-->
<root>
    <spell name="Life Tap" nameEn="Life Tap"/>
    <spell name="Bloodrage" nameEn="Bloodrage"/>
    <class name="Desconocido" nameEn="Unknown">
        <spellstrings></spellstrings>
        <spellids></spellids>
    </class>
    <class name="Druida" nameEn="Druid">
        <spellstrings>"antárboles", "mordedura feroz", "cólera", "destrozar: oso", "mutilar", "rejuvenecimiento","recrecimiento","Fuego feérico (feral)","Flor de vida", "fuego lunar", "fuego estelar", "enjambre de insectos", "espinas"</spellstrings>
        <spellids>33983, 24248, 27008, 27002, 33987, 26996, 26982</spellids>
		<!-- example spell ids: mangle(cat), ferocious bite, rip, shred, mangle(bear), maul, rejuvenation -->
    </class>
    <class name="Pícaro" nameEn="Rogue">
        <spellstrings>"mutilar", "eviscerar", "emboscada", "veneno mortal", "punyalada trasera", "golpe siniestro"</spellstrings>
        <spellids>34419, 34418, 26865, 27441, 27187, 26862, 26861</spellids>
    </class>
    <class name="Guerrero" nameEn="Warrior">
        <spellstrings>"golpe heroico", "golpe mortal", "escudo", "machaque", "venganza", "embate con escudo", "devastar", "exponer armadura"</spellstrings>
        <spellids>469, 20243, 30357, 23602, 23922, 2687, 355, 12809</spellids>
    </class>
    <class name="Cazador" nameEn="Hunter">
        <spellstrings>"autodisparo", "disparo firme", "disparo preciso", "disparo arcano", "golpe de raptor"</spellstrings>
        <spellids>75, 34120, 27016, 27019, 27065, 14268, 19574, 14325</spellids>
    </class>
    <class name="Mago" nameEn="Mage">
        <spellstrings>"bola de fuego", "agostar", "explosión de fuego", "misiles arcanos", "explosión arcana", "bola de escarcha", "lanza de hielo", "explosión arcana"</spellstrings>
        <spellids>27070, 12654, 29077, 27088, 29077, 33938</spellids>
    </class>
    <class name="Brujo" nameEn="Warlock">
        <spellstrings>"life tap", "bola de sombras", "maldición de agonía", "corrupcion", "incinerar", "searing pain", "sombra ardiente", "inmolar", "siphon life", "drenar vida"</spellstrings>
        <spellids>18265, 27209 , 27218, 27216</spellids>
    </class>
    <class name="Chamán" nameEn="Shaman">
        <spellstrings>"golpe terraneo", "cadena de relámpagos", "bola de relámpagos", "ola de sanación menor", "sanación en cadena", "golpe de llamas", "ola de sanación", "golpe de escarcha"</spellstrings>
        <spellids>25454, 25442, 25449, 25420, 25423, 25457, 25396, 25464</spellids>
    </class>
    <class name="Sacerdote" nameEn="Priest">
        <spellstrings>"palabra de sombras: dolor", "mind flay", "golpe mental", "palabra de sombras: muerte", "sanación instantanea", "sanación superior", "renovar"</spellstrings>
        <spellids>25213, 25389, 25312 , 25433, 25235, 25222, 10955</spellids>
    </class>
    <class name="Paladín" nameEn="paladin">
        <spellstrings>"golpe de cruzado", "sello de orden", "luz sagrada", "luz instantanea", "golpe sagrado", "venganza sagrada", "consagracion", "escudo de venganza"</spellstrings>
        <spellids>19940, 20272, 35216, 27137, 35212, 25312, 10308, 35223</spellids>
    </class>
    <class name="Caballero de la Muerte" nameEn="deathknight">
        <spellstrings>"golpe de la plaga", "golpe runico", "gope sangriento", "icy touch", "necrosis", "fiebre de escarcha", "pestilencia", "blood plague", "scourge strike", "wandering plague", "unholy blight", "death and decay"</spellstrings>
        <spellids/>
    </class>
    <boss encounter="Attumen the huntsman" instance="Karazhan">
        <mob name="Attumen the Huntsman" id="16152" boss="true"/>
        <mob name="Midnight" id="16151"/>
    </boss>
    <boss encounter="Moroes" instance="Karazhan">
        <mob name="Moroes" id="15687" boss="true"/>
    </boss>
    <boss encounter="Maiden of virtue" instance="Karazhan">
        <mob name="Maiden of Virtue" id="16457" boss="true"/>
    </boss>
    <boss encounter="The big bad wolf" instance="Karazhan">
        <mob name="The Big Bad Wolf" id="17521" boss="true"/>
    </boss>
    <boss encounter="Romulo and Julianne" instance="Karazhan">
        <mob name="Romulo" id="17533" boss="true"/>
        <mob name="Julianne" id="17534" boss="true"/>
    </boss>
    <boss encounter="Wizard of Oz" instance="Karazhan">
        <mob name="Dorothee" id="17535"/>
        <mob name="Roar" id="17546"/>
        <mob name="Strawman" id="17543"/>
        <mob name="Tinhead" id="17547"/>
        <mob name="Tito" id="17548"/>
        <mob name="The Crone" id="18168" boss="true"/>
    </boss>
    <boss encounter="Nightbane" instance="Karazhan">
        <mob name="Nightbane" id="17225" boss="true"/>
    </boss>
    <boss encounter="Shade of Aran" instance="Karazhan">
        <mob name="Shade of Aran" id="16524" boss="true"/>
    </boss>
    <boss encounter="The curator" instance="Karazhan">
        <mob name="The Curator" id="15691" boss="true"/>
    </boss>
    <boss encounter="Terestian illhoof" instance="Karazhan">
        <mob name="Terestian Illhoof" id="15688" boss="true"/>
    </boss>
    <boss encounter="Netherspite" instance="Karazhan">
        <mob name="Netherspite" id="15689" boss="true"/>
    </boss>
    <boss encounter="Prince Malchezaar" instance="Karazhan">
        <mob name="Prince Malchezaar" id="15690" boss="true"/>
        <mob name="Prince Malchezaar's Axes" id="17650"/>
    </boss>

    <boss encounter="Gruul the dragonkiller" instance="Gruul's Lair">
        <mob name="Gruul the Dragonkiller" id="19044" boss="true"/>
    </boss>
    <boss encounter="High king Maulgar" instance="Gruul's Lair">
        <mob name="High King Maulgar" id="18831" boss="true"/>
        <mob name="Kiggler the Crazed" id="18835"/>
        <mob name="Blindeye the Seer" id="18836"/>
        <mob name="Olm the Summoner" id="18834"/>
        <mob name="Krosh Firehand" id="18832"/>
    </boss>
    <boss encounter="Magtheridon" instance="Magtheridon's Lair">
        <mob name="Hellfire Channeler" id="17256"/>
        <mob name="Magtheridon" id="17257" boss="true"/>
    </boss>
    <boss encounter="Fathom-Lord Karathress" instance="Serpentshrine cavern">
        <mob name="Fathom-Lord Karathress" id="21214" boss="true"/>
        <mob name="Fathom-Guard Caribdis" id="21964" boss="true"/>
        <mob name="Fathom-Guard Sharkkis" id="21966" boss="true"/>
        <mob name="Fathom-Guard Tidalvess" id="21965" boss="true"/>
    </boss>
    <boss encounter="Hydross the unstable" instance="Serpentshrine cavern">
        <mob name="Hydross the Unstable" id="21216" boss="true"/>
        <mob name="Pure Spawn of Hydross" id="22035"/>
        <mob name="Tainted Spawn of Hydross" id="22036"/>
    </boss>
    <boss encounter="Lady Vashj" instance="Serpentshrine cavern">
        <mob name="Lady Vashj" id="21212" boss="true"/>
    </boss>
    <boss encounter="Leotheras the blind" instance="Serpentshrine cavern">
        <mob name="Leotheras the Blind" id="21215" boss="true"/>
    </boss>
    <boss encounter="Morogrim tidewalker" instance="Serpentshrine cavern">
        <mob name="Morogrim Tidewalker" id="21213" boss="true"/>
    </boss>
    <boss encounter="The lurker below" instance="Serpentshrine cavern">
        <mob name="The Lurker Below" id="21217" boss="true"/>
    </boss>
    <boss encounter="Al'ar" instance="The eye">
        <mob name="Al'ar" id="19514" boss="true"/>
    </boss>
    <boss encounter="High astromancer Solarian" instance="The eye">
        <mob name="High Astromancer Solarian" id="18805" boss="true"/>
    </boss>
    <boss encounter="Kael'thas sunstrider" instance="The eye">
        <mob name="Kael'thas Sunstrider" id="19622" boss="true"/>
        <mob name="Thaladred the Darkener" id="20064"/>
        <mob name="Lord Sanguinar" id="20060"/>
        <mob name="Grand Astromancer Capernian" id="20062"/>
        <mob name="Master Engineer Telonicus" id="20063"/>
        <mob name="Devastation" id="21269"/>
        <mob name="Warp Slicer" id="21272"/>
        <mob name="Staff of Disintegration" id="21274"/>
        <mob name="Phaseshift Bulwark" id="21273"/>
        <mob name="Netherstrand Longbow" id="21268"/>
        <mob name="Infinity Blades" id="21271"/>
        <mob name="Cosmic Infuser" id="21270"/>
    </boss>
    <boss encounter="Void reaver" instance="The eye">
        <mob name="Void Reaver" id="19516" boss="true"/>
    </boss>
    <boss encounter="Anetheron" instance="Hyjal summit">
        <mob name="Anetheron" id="17808" boss="true"/>
    </boss>
    <boss encounter="Archimonde" instance="Hyjal summit">
        <mob name="Archimonde" id="17968" boss="true"/>
    </boss>
    <boss encounter="Azgalor" instance="Hyjal summit">
        <mob name="Azgalor" id="17842" boss="true"/>
    </boss>
    <boss encounter="Kaz'rogal" instance="Hyjal summit">
        <mob name="Kaz'rogal" id="17888" boss="true"/>
    </boss>
    <boss encounter="Rage winterchill" instance="Hyjal summit">
        <mob name="Rage Winterchill" id="17767" boss="true"/>
    </boss>
    <boss encounter="High warlord Naj'entus" instance="Black temple">
        <mob name="High Warlord Naj'entus" id="22887" boss="true"/>
    </boss>
    <boss encounter="Supremus" instance="Black temple">
        <mob name="Supremus" id="22898" boss="true"/>
        <mob name="Supremus Volcano" id="23085"/>
    </boss>
    <boss encounter="Shade of Akama" instance="Black temple">
        <mob name="Shade of Akama" id="22841" boss="true"/>
    </boss>
    <boss encounter="Teron gorefiend" instance="Black temple">
        <mob name="Teron Gorefiend" id="22871" boss="true"/>
    </boss>
    <boss encounter="Gurtogg Bloodboil" instance="Black temple">
        <mob name="Gurtogg Bloodboil" id="22948" boss="true"/>
    </boss>
    <boss encounter="Reliquary of souls" instance="Black temple">
        <mob name="Essence of Anger" id="23420" boss="true"/>
        <mob name="Essence of Desire" id="23419" boss="true"/>
        <mob name="Essence of Suffering" id="23418" boss="true"/>
    </boss>
    <boss encounter="Mother Shahraz" instance="Black temple">
        <mob name="Mother Shahraz" id="22947" boss="true"/>
    </boss>
    <boss encounter="Illidari council" instance="Black temple">
        <mob name="Gathios the Shatterer" id="22949" boss="true"/>
        <mob name="High Nethermancer Zerevor" id="22950" boss="true"/>
        <mob name="Lady Malande" id="22951" boss="true"/>
        <mob name="Veras Darkshadow" id="22952" boss="true"/>
    </boss>
    <boss encounter="Illidan stormrage" instance="Black temple">
        <mob name="Illidan Stormrage" id="22917" boss="true"/>
    </boss>
    <boss encounter="Brutallus" instance="Sunwell Plateau">
        <mob name="Brutallus" id="24882" boss="true"/>
    </boss>
    <boss encounter="Felmyst" instance="Sunwell Plateau">
        <mob name="Felmyst" id="25038" boss="true"/>
    </boss>
    <boss encounter="Eredar twins" instance="Sunwell Plateau">
        <mob name="Grand Warlock Alythess" id="25166" boss="true"/>
        <mob name="Lady Sacrolash" id="25165" boss="true"/>
    </boss>
    <boss encounter="Kalecgos" instance="Sunwell Plateau">
        <mob name="Kalecgos" id="24850" boss="true"/>
        <mob name="Sathrovarr the Corruptor" id="24892" boss="true"/>
    </boss>
    <boss encounter="M'uru" instance="Sunwell Plateau">
        <mob name="M'uru" id="25741" boss="true"/>
        <mob name="Entropius" id="25840"/>
    </boss>
    <boss encounter="Anub'Rekhan" instance="Naxxramas 25">
        <mob name="Anub'Rekhan" id="15956" boss="true"/>
    </boss>
    <boss encounter="Grand Widow Faerlina" instance="Naxxramas 25">
        <mob name="Gran Viuda Faerlina" id="15953" boss="true"/>
    </boss>
    <boss encounter="Maexxna" instance="Naxxramas 25">
        <mob name="Maexxna" id="15952" boss="true"/>
    </boss>
    <boss encounter="Patchwerk" instance="Naxxramas 25">
        <mob name="Remendejo" id="16028" boss="true"/>
    </boss>
    <boss encounter="Grobbulus" instance="Naxxramas 25">
        <mob name="Grobbulus" id="15931" boss="true"/>
    </boss>
    <boss encounter="Gluth" instance="Naxxramas 25">
        <mob name="Gluth" id="15932" boss="true"/>
    </boss>
    <boss encounter="Thaddius" instance="Naxxramas 25">
        <mob name="Thaddius" id="15928" boss="true"/>
        <mob name="Stalagg" id="15929"/>
        <mob name="Feugen" id="15930"/>
    </boss>
    <boss encounter="Instructor Razuvious" instance="Naxxramas 25">
        <mob name="Instructor Razuvious" id="16061" boss="true"/>
    </boss>
    <boss encounter="Gothik the Harvester" instance="Naxxramas 25">
        <mob name="Gothik el Cosechador" id="16060" boss="true"/>
        <mob name="Unrelenting Trainee" id="16124"/>
        <mob name="Unrelenting Death Knight" id="16125"/>
        <mob name="Unrelenting Rider" id="16126"/>
        <mob name="Spectral Trainee" id="16127"/>
        <mob name="Spectral Rider" id="16150"/>
        <mob name="Spectral Horse" id="16149"/>
    </boss>
    <boss encounter="The four horsemen" instance="Naxxramas 25">
        <mob name="Thane Korth'azz" id="16064" boss="true"/>
        <mob name="Lady Blaumeux" id="16065" boss="true"/>
        <mob name="Highlord Mograine" id="16062" boss="true"/>
        <mob name="Sir Zeliek" id="16063" boss="true"/>
    </boss>
    <boss encounter="Noth the Plaguebringer" instance="Naxxramas 25">
        <mob name="Noth el Portador de la Plaga" id="15954" boss="true"/>
    </boss>
    <boss encounter="Heigan the Unclean" instance="Naxxramas 25">
        <mob name="Heigan el Impuro" id="15936" boss="true"/>
    </boss>
    <boss encounter="Loatheb" instance="Naxxramas 25">
        <mob name="Loatheb" id="16011" boss="true"/>
    </boss>
    <boss encounter="Sapphiron" instance="Naxxramas 25">
        <mob name="Sapphiron" id="15989" boss="true"/>
    </boss>
    <boss encounter="Kel'Thuzad" instance="Naxxramas 25">
        <mob name="Kel'Thuzad" id="15990" boss="true"/>
        <mob name="Soldier of the Frozen Wastes" id="23561"/>
        <mob name="Soldier of the Frozen Wastes" id="16427"/>
        <mob name="Unstoppable Abomination" id="16428"/>
        <mob name="Soul Weaver" id="16429"/>
    </boss>
    <boss encounter="Archavon the Stone Watcher" instance="">
        <mob name="Archavon the Stone Watcher" id="31125" boss="true"/>
    </boss>
    <boss encounter="Malygos" instance="">
        <mob name="Malygos" id="28859" boss="true"/>
    </boss>
    <boss encounter="Sartharion" instance="">
        <mob name="Sartharion" id="28860" boss="true"/>
    </boss>

    <boss encounter="Elder Nadox" instance="">
        <mob name="Elder Nadox" id="29309" boss="true"/>
    </boss>

    <boss encounter="Herald Volazj" instance="">
        <mob name="Herald Volazj" id="29311" boss="true"/>
    </boss>

    <boss encounter="Jedoga Shadowseeker" instance="">
        <mob name="Jedoga Shadowseeker" id="29310" boss="true"/>
    </boss>

    <boss encounter="Prince Taldaram" instance="">
        <mob name="Prince Taldaram" id="29308" boss="true"/>
    </boss>

    <boss encounter="Anub'arak" instance="">
        <mob name="Anub'arak" id="29120" boss="true"/>
    </boss>

    <boss encounter="Hadronox" instance="">
        <mob name="Hadronox" id="28921" boss="true"/>
    </boss>

    <boss encounter="Krik'thir the Gatewatcher" instance="">
        <mob name="Krik'thir the Gatewatcher" id="28684" boss="true"/>
    </boss>

    <boss encounter="King Dred" instance="">
        <mob name="King Dred" id="27483" boss="true"/>
    </boss>

    <boss encounter="Novos the Summoner" instance="">
        <mob name="Novos the Summoner" id="26631" boss="true"/>
    </boss>

    <boss encounter="The Prophet Tharon'ja" instance="">
        <mob name="The Prophet Tharon'ja" id="26632" boss="true"/>
    </boss>

    <boss encounter="Trollgore" instance="">
        <mob name="Trollgore" id="26630" boss="true"/>
    </boss>

    <boss encounter="Drakkari Colossus" instance="">
        <mob name="Drakkari Colossus" id="29307" boss="true"/>
    </boss>

    <boss encounter="Eck the Ferocious" instance="">
        <mob name="Eck the Ferocious" id="29932" boss="true"/>
    </boss>

    <boss encounter="Gal'darah" instance="">
        <mob name="Gal'darah" id="29306" boss="true"/>
    </boss>

    <boss encounter="Moorabi" instance="">
        <mob name="Moorabi" id="29305" boss="true"/>
    </boss>

    <boss encounter="Slad'ran" instance="">
        <mob name="Slad'ran" id="29304" boss="true"/>
    </boss>

    <boss encounter="General Bjarngrim" instance="">
        <mob name="General Bjarngrim" id="28586" boss="true"/>
    </boss>

    <boss encounter="Ionar" instance="">
        <mob name="Ionar" id="28546" boss="true"/>
    </boss>

    <boss encounter="Loken" instance="">
        <mob name="Loken" id="28923" boss="true"/>
    </boss>

    <boss encounter="Volkhan" instance="">
        <mob name="Volkhan" id="28587" boss="true"/>
    </boss>

    <boss encounter="Krystallus" instance="">
        <mob name="Krystallus" id="27977" boss="true"/>
    </boss>

    <boss encounter="Maiden of Grief" instance="">
        <mob name="Maiden of Grief" id="27975" boss="true"/>
    </boss>

    <boss encounter="Sjonnir The Ironshaper" instance="">
        <mob name="Sjonnir The Ironshaper" id="27978" boss="true"/>
    </boss>

    <boss encounter="Chrono-Lord Epoch" instance="">
        <mob name="Chrono-Lord Epoch" id="26532" boss="true"/>
    </boss>

    <boss encounter="Mal'Ganis" instance="">
        <mob name="Mal'Ganis" id="26533" boss="true"/>
    </boss>

    <boss encounter="Meathook" instance="">
        <mob name="Meathook" id="26529" boss="true"/>
    </boss>

    <boss encounter="Salramm the Fleshcrafter" instance="">
        <mob name="Salramm the Fleshcrafter" id="26530" boss="true"/>
    </boss>

    <boss encounter="Anomalus" instance="">
        <mob name="Anomalus" id="26763" boss="true"/>
    </boss>

    <boss encounter="Grand Magus Telestra" instance="">
        <mob name="Grand Magus Telestra" id="26731" boss="true"/>
    </boss>

    <boss encounter="Keristrasza" instance="">
        <mob name="Keristrasza" id="26723" boss="true"/>
    </boss>

    <boss encounter="Ormorok the Tree-Shaper" instance="">
        <mob name="Ormorok the Tree-Shaper" id="26794" boss="true"/>
    </boss>

    <boss encounter="Drakos the Interrogator" instance="">
        <mob name="Drakos the Interrogator" id="27654" boss="true"/>
    </boss>

    <boss encounter="Ley-Guardian Eregos" instance="">
        <mob name="Ley-Guardian Eregos" id="27656" boss="true"/>
    </boss>

    <boss encounter="Mage-Lord Urom" instance="">
        <mob name="Mage-Lord Urom" id="27655" boss="true"/>
    </boss>

    <boss encounter="Varos Cloudstrider" instance="">
        <mob name="Varos Cloudstrider" id="27447" boss="true"/>
    </boss>

    <boss encounter="Cyanigosa" instance="">
        <mob name="Cyanigosa" id="31134" boss="true"/>
    </boss>

    <boss encounter="Erekem" instance="">
        <mob name="Erekem" id="29315" boss="true"/>
    </boss>

    <boss encounter="Ichoron" instance="">
        <mob name="Ichoron" id="29313" boss="true"/>
    </boss>

    <boss encounter="Lavanthor" instance="">
        <mob name="Lavanthor" id="29312" boss="true"/>
    </boss>

    <boss encounter="Moragg" instance="">
        <mob name="Moragg" id="29316" boss="true"/>
    </boss>

    <boss encounter="Xevozz" instance="">
        <mob name="Xevozz" id="29266" boss="true"/>
    </boss>

    <boss encounter="Zuramat the Obliterator" instance="">
        <mob name="Zuramat the Obliterator" id="29314" boss="true"/>
    </boss>

    <boss encounter="Ingvar the Plunderer" instance="">
        <mob name="Ingvar the Plunderer" id="23954" boss="true"/>
    </boss>

    <boss encounter="Prince Keleseth" instance="">
        <mob name="Prince Keleseth" id="23953" boss="true"/>
    </boss>

    <boss encounter="Skarvald and Dalronn" instance="">
        <mob name="Skarvald the Constructor" id="24200" boss="true"/>
        <mob name="Dalronn the Controller" id="24201" boss="true"/>
    </boss>

    <boss encounter="Gortok Palehoof" instance="">
        <mob name="Gortok Palehoof" id="26687" boss="true"/>
    </boss>

    <boss encounter="King Ymiron" instance="">
        <mob name="King Ymiron" id="26861" boss="true"/>
    </boss>

    <boss encounter="Skadi the Ruthless" instance="">
        <mob name="Skadi the Ruthless" id="26693" boss="true"/>
    </boss>

    <boss encounter="Svala Sorrowgrave" instance="">
        <mob name="Svala Sorrowgrave" id="26668" boss="true"/>
    </boss>

    <boss encounter="Flame Leviathan" instance="Ulduar">
        <mob name="Flame Leviathan" id="33113" boss="true"/>
    </boss>
    <boss encounter="Razorscale" instance="Ulduar">
        <mob name="Razorscale" id="33186" boss="true"/>
    </boss>
    <boss encounter="XT-002 Deconstructor" instance="Ulduar">
        <mob name="XT-002 Deconstructor" id="33293" boss="true"/>
        <mob name="Heart of the Deconstructor" id="33329"/>
        <mob name="XM-024 Pummeller" id="33344"/>
        <mob name="XS-013 Scrapbot" id="33343"/>
    </boss>
    <boss encounter="Ignis the Furnace Master" instance="Ulduar">
        <mob name="Ignis the Furnace Master" id="33118" boss="true"/>
        <mob name="Iron Construct" id="33121"/>
        <mob name="Scorch" id="33221"/>
    </boss>
    <boss encounter="The Assembly of Iron" instance="Ulduar">
        <mob name="Steelbreaker" id="32867" boss="true"/>
        <mob name="Stormcaller Brundir" id="32857" boss="true"/>
        <mob name="Runemaster Molgeim" id="32927" boss="true"/>
    </boss>
    <boss encounter="Kologarn" instance="Ulduar">
        <mob name="Kologarn" id="32930" boss="true"/>
        <mob name="Left Arm" id="32933"/>
        <mob name="Right Arm" id="32934"/>
    </boss>
    <boss encounter="Auriaya" instance="Ulduar">
        <mob name="Auriaya" id="33515" boss="true"/>
        <mob name="Feral Defender" id="34035"/>
        <mob name="Sanctum Sentry" id="34014"/>
    </boss>
    <boss encounter="Mimiron" instance="Ulduar" maxidletime="50">
        <mob name="Mimiron" id="33412" boss="true"/>
        <mob name="Leviathan Mk II" id="34071"/>
        <mob name="VX-001" id="33651"/>
        <mob name="Aerial Command Unit" id="33670"/>
        <mob name="Assault Bot" id="34057"/>
        <mob name="Bomb Bot" id="33836"/>
    </boss>
    <boss encounter="Hodir" instance="Ulduar">
        <mob name="Hodir" id="32845" boss="true"/>
    </boss>
    <boss encounter="Thorim" instance="Ulduar">
        <mob name="Thorim" id="32865" boss="true"/>
    </boss>
    <boss encounter="Freya" instance="Ulduar">
        <mob name="Freya" id="32906" boss="true"/>
    </boss>
    <boss encounter="General Vezax" instance="Ulduar">
        <mob name="General Vezax" id="33271" boss="true"/>
    </boss>
    <boss encounter="Yogg-Saron" instance="Ulduar">
        <mob name="Yogg-Saron" id="33288" boss="true"/>
        <mob name="Guardian of Yogg-Saron" id="33136" boss="false"/>
        <mob name="Brain of Yogg-Saron" id="33890" boss="false"/>
        <mob name="Constrictor Tentacle" id="33983" boss="false"/>
        <mob name="Corruptor Tentacle" id="33985" boss="false"/>
        <mob name="Crusher Tentacle" id="33966" boss="false"/>
        <mob name="Laughing Skull" id="33990" boss="false"/>
    </boss>
    <boss encounter="Algalon the Observer" instance="Ulduar">
        <mob name="Algalon the Observer" id="32871" boss="true"/>
    </boss>

    <boss encounter="Emalon the Storm Watcher" instance="Vault of Archavon">
        <mob name="Emalon the Storm Watcher" id="33993" boss="true"/>
    </boss>
    <boss encounter="Koralon the Flame Watcher" instance="Vault of Archavon">
        <mob name="Koralon the Flame Watcher" id="35013" boss="true"/>
    </boss>

    <boss encounter="The Northrend Beasts" instance="Trial of the Crusader">
        <mob name="Gormok the Impaler" id="34796" boss="true"/>
        <mob name="Acidmaw" id="35144" boss="true"/>
        <mob name="Dreadscale" id="34799" boss="true"/>
        <mob name="Icehowl" id="34797" boss="true"/>
    </boss>
    <boss encounter="Lord Jaraxxus" instance="Trial of the Crusader">
        <mob name="Lord Jaraxxus" id="34780" boss="true"/>
    </boss>
    <boss encounter="Faction Champions" instance="Trial of the Crusader">
        <mob name="" id="34461" boss="false"/>
        <mob name="" id="34460" boss="false"/>
        <mob name="" id="34469" boss="false"/>
        <mob name="" id="34467" boss="false"/>
        <mob name="" id="34468" boss="false"/>
        <mob name="" id="34465" boss="false"/>
        <mob name="" id="34471" boss="false"/>
        <mob name="" id="34466" boss="false"/>
        <mob name="" id="34473" boss="false"/>
        <mob name="" id="34472" boss="false"/>
        <mob name="" id="34463" boss="false"/>
        <mob name="" id="34470" boss="false"/>
        <mob name="" id="34474" boss="false"/>
        <mob name="" id="34475" boss="false"/>
        <mob name="" id="34458" boss="false"/>
        <mob name="" id="34451" boss="false"/>
        <mob name="" id="34459" boss="false"/>
        <mob name="" id="34448" boss="false"/>
        <mob name="" id="34449" boss="false"/>
        <mob name="" id="34445" boss="false"/>
        <mob name="" id="34456" boss="false"/>
        <mob name="" id="34447" boss="false"/>
        <mob name="" id="34441" boss="false"/>
        <mob name="" id="34454" boss="false"/>
        <mob name="" id="34455" boss="false"/>
        <mob name="" id="34444" boss="false"/>
        <mob name="" id="34450" boss="false"/>
        <mob name="" id="34453" boss="false"/>
    </boss>
    <boss encounter="Twin Val'kyr" instance="Trial of the Crusader">
        <mob name="Fjola Lightbane" id="34497" boss="true"/>
        <mob name="Eydis Darkbane" id="34496" boss="true"/>
    </boss>
    <boss encounter="Anub'arak" instance="Trial of the Crusader">
        <mob name="Anub'arak" id="34564" boss="true"/>
    </boss>

    <boss encounter="Grand Champions" instance="Trial of the Champion">
        <mob name="" id="34705" boss="false"/>
        <mob name="" id="34702" boss="false"/>
        <mob name="" id="34701" boss="false"/>
        <mob name="" id="34657" boss="false"/>
        <mob name="" id="34703" boss="false"/>
        <mob name="" id="35572" boss="false"/>
        <mob name="" id="35569" boss="false"/>
        <mob name="" id="35571" boss="false"/>
        <mob name="" id="35570" boss="false"/>
        <mob name="" id="35617" boss="false"/>
    </boss>
    <boss encounter="Eadric the Pure" instance="Trial of the Champion">
        <mob name="Eadric the Pure" id="35119" boss="true"/>
    </boss>
    <boss encounter="Argent Confessor Paletress" instance="Trial of the Champion">
        <mob name="Argent Confessor Paletress" id="34928" boss="true"/>
    </boss>
    <boss encounter="The Black Knight" instance="Trial of the Champion">
        <mob name="The Black Knight" id="35451" boss="true"/>
    </boss>

    <boss encounter="Onyxia" instance="Onyxia's Lair">
        <mob name="Onyxia" id="10184" boss="true"/>
    </boss>

    <boss encounter="Forgemaster Garfrost" instance="Pit of Saron">
        <mob name="Forgemaster Garfrost" id="36494" boss="true"/>
    </boss>
    <boss encounter="Ick" instance="Pit of Saron">
        <mob name="Ick" id="36476" boss="true"/>
    </boss>
    <boss encounter="Scourgelord Tyrannus" instance="Pit of Saron">
        <mob name="Scourgelord Tyrannus" id="36658" boss="true"/>
    </boss>

    <boss encounter="Bronjahm" instance="The Forge of Souls">
        <mob name="Bronjahm" id="36497" boss="true"/>
    </boss>
    <boss encounter="Devourer of Souls" instance="The Forge of Souls">
        <mob name="Devourer of Souls" id="36502" boss="true"/>
    </boss>

    <boss encounter="Falric" instance="Halls of Reflection">
        <mob name="Falric" id="38112" boss="true"/>
    </boss>
    <boss encounter="Marwyn" instance="Halls of Reflection">
        <mob name="Marwyn" id="38113" boss="true"/>
    </boss>
    <boss encounter="The Lich King" instance="Halls of Reflection">
        <mob name="The Lich King" id="37226" boss="false"/>
        <mob name="Raging Ghoul" id="36940" boss="false"/>
        <mob name="Risen Witch Doctor" id="36941" boss="false"/>
        <mob name="Lumbering Abomination" id="37069" boss="false"/>
    </boss>

    <boss encounter="Lord Marrowgar" instance="Icecrown Citadel">
        <mob name="Lord Marrowgar" id="36612" boss="true"/>
    </boss>
    <boss encounter="Lady Deathwhisper" instance="Icecrown Citadel">
        <mob name="Lady Deathwhisper" id="36855" boss="true"/>
    </boss>
    <boss encounter="Deathbringer Saurfang" instance="Icecrown Citadel">
        <mob name="Deathbringer Saurfang" id="37813" boss="true"/>
    </boss>
    <boss encounter="Festergut" instance="Icecrown Citadel">
        <mob name="Festergut" id="36626" boss="true"/>
    </boss>
    <boss encounter="Rotface" instance="Icecrown Citadel">
        <mob name="Rotface" id="36627" boss="true"/>
    </boss>
    <boss encounter="Professor Putricide" instance="Icecrown Citadel">
        <mob name="Professor Putricide" id="36678" boss="true"/>
    </boss>
    <boss encounter="Blood Prince Council" instance="Icecrown Citadel">
        <mob name="Prince Keleseth" id="37972" boss="true"/>
        <mob name="Prince Taldaram" id="37973" boss="true"/>
        <mob name="Prince Valanar" id="37970" boss="true"/>
    </boss>
    <boss encounter="Blood-Queen Lana'thel" instance="Icecrown Citadel">
        <mob name="Blood-Queen Lana'thel" id="37955" boss="true"/>
    </boss>
    <boss encounter="Valithria Dreamwalker" instance="Icecrown Citadel">
        <mob name="Valithria Dreamwalker" id="36789" boss="false"/>
        <mob name="Risen Archmage" id="37868" boss="false"/>
        <mob name="Blazing Skeleton" id="36791" boss="false"/>
        <mob name="Blistering Zombie" id="37934" boss="false"/>
        <mob name="Gluttonous Abomination" id="37886" boss="false"/>
        <mob name="Suppresser" id="37863" boss="false"/>
    </boss>
    <boss encounter="Sindragosa" instance="Icecrown Citadel">
        <mob name="Sindragosa" id="36853" boss="true"/>
    </boss>
    <boss encounter="The Lich King" instance="Icecrown Citadel">
        <mob name="The Lich King" id="36597" boss="true"/>
    </boss>
    <boss encounter="Saviana Ragefire" instance="The Ruby Sanctum">
        <mob name="Saviana Ragefire" id="39747" boss="true"/>
    </boss>
    <boss encounter="Baltharus the Warborn" instance="The Ruby Sanctum">
        <mob name="Baltharus the Warborn" id="39751" boss="true"/>
    </boss>
    <boss encounter="General Zarithrian" instance="The Ruby Sanctum">
        <mob name="General Zarithrian" id="39746" boss="true"/>
    </boss>
    <boss encounter="Halion" instance="The Ruby Sanctum">
        <mob name="Halion" id="39863" boss="true"/>
        <mob name="Halion" id="40142" boss="true"/>
    </boss>
	
	<boss encounter="Lady Naz'jar" instance="Throne of the Tides">
		<mob name="Lady Naz'jar" id="40586" boss="true"/>
	</boss>
	<boss encounter="Commander Ulthok" instance="Throne of the Tides">
		<mob name="Commander Ulthok" id="40765" boss="true"/>
	</boss>
	<boss encounter="Erunak Stonespeaker" instance="Throne of the Tides">
		<mob name="Erunak Stonespeaker" id="40825" boss="true"/>
		<mob name="Mindbender Ghur'sha" id="40788" boss="true"/>
	</boss>
	<boss encounter="Ozumat" instance="Throne of the Tides">
		<mob name="Ozumat" id="42172" boss="true"/>
		<mob name="Deep Murloc Invader" id="44658" boss="false"/>
		<mob name="Vicious Mindlasher" id="44715" boss="false"/>
		<mob name="Faceless Sapper" id="44752" boss="false"/>
	</boss>
	
	<boss encounter="Rom'ogg Bonecrusher" instance="Blackrock Caverns">
		<mob name="Rom'ogg Bonecrusher" id="39665" boss="true"/>
	</boss>
	<boss encounter="Corla, Herald of Twilight" instance="Blackrock Caverns">
		<mob name="Corla, Herald of Twilight" id="39679" boss="true"/>
	</boss>
	<boss encounter="Karsh Steelbender" instance="Blackrock Caverns">
		<mob name="Karsh Steelbender" id="39698" boss="true"/>
	</boss>
	<boss encounter="Beauty" instance="Blackrock Caverns">
		<mob name="Beauty" id="39700" boss="true"/>
	</boss>
	<boss encounter="Ascendant Lord Obsidius" instance="Blackrock Caverns">
		<mob name="Ascendant Lord Obsidius" id="39705" boss="true"/>
	</boss>

	<boss encounter="General Umbriss" instance="Grim Batol">
		<mob name="General Umbriss" id="39625" boss="true"/>
	</boss>
	<boss encounter="Forgemaster Throngus" instance="Grim Batol">
		<mob name="Forgemaster Throngus" id="40177" boss="true"/>
	</boss>
	<boss encounter="Drahga Shadowburner" instance="Grim Batol">
		<mob name="Drahga Shadowburner" id="40319" boss="true"/>
	</boss>
	<boss encounter="Erudax" instance="Grim Batol">
		<mob name="Erudax" id="40484" boss="true"/>
	</boss>

	<boss encounter="Temple Guardian Anhuur" instance="Halls of Origination">
		<mob name="Temple Guardian Anhuur" id="39425" boss="true"/>
	</boss>
	<boss encounter="Earthrager Ptah" instance="Halls of Origination">
		<mob name="Earthrager Ptah" id="39428" boss="true"/>
	</boss>
	<boss encounter="Anraphet" instance="Halls of Origination">
		<mob name="Anraphet" id="39788" boss="true"/>
	</boss>
	<boss encounter="Isiset" instance="Halls of Origination">
		<mob name="Isiset" id="39587" boss="true"/>
	</boss>
	<boss encounter="Ammunae" instance="Halls of Origination">
		<mob name="Ammunae" id="39731" boss="true"/>
	</boss>
	<boss encounter="Setesh" instance="Halls of Origination">
		<mob name="Setesh" id="39732" boss="true"/>
	</boss>
	<boss encounter="Rajh" instance="Halls of Origination">
		<mob name="Rajh" id="39378" boss="true"/>
	</boss>

	<boss encounter="General Husam" instance="Lost City of the Tol'vir">
		<mob name="General Husam" id="44577" boss="true"/>
	</boss>
	<boss encounter="High Prophet Barim" instance="Lost City of the Tol'vir">
		<mob name="High Prophet Barim" id="43612" boss="true"/>
	</boss>
	<boss encounter="Lockmaw" instance="Lost City of the Tol'vir">
		<mob name="Lockmaw" id="43614" boss="true"/>
	</boss>
	<boss encounter="Augh" instance="Lost City of the Tol'vir">
		<mob name="Augh" id="49045" boss="true"/>
	</boss>
	<boss encounter="Siamat" instance="Lost City of the Tol'vir">
		<mob name="Siamat" id="44819" boss="true"/>
	</boss>
	
	<boss encounter="Corborus" instance="The Stonecore">
		<mob name="Corborus" id="43438" boss="true"/>
	</boss>
	<boss encounter="Slabhide" instance="The Stonecore">
		<mob name="Slabhide" id="43214" boss="true"/>
	</boss>
	<boss encounter="Ozruk" instance="The Stonecore">
		<mob name="Ozruk" id="42188" boss="true"/>
	</boss>
	<boss encounter="High Priestess Azil" instance="The Stonecore">
		<mob name="High Priestess Azil" id="42333" boss="true"/>
	</boss>

	<boss encounter="Grand Vizier Ertan" instance="The Vortex Pinnacle">
		<mob name="Grand Vizier Ertan" id="43878" boss="true"/>
	</boss>
	<boss encounter="Altairus" instance="The Vortex Pinnacle">
		<mob name="Altairus" id="43873" boss="true"/>
	</boss>
	<boss encounter="Asaad" instance="The Vortex Pinnacle">
		<mob name="Asaad" id="43875" boss="true"/>
	</boss>

	<boss encounter="Argaloth" instance="Baradin Hold">
		<mob name="Argaloth" id="47120" boss="true"/>
	</boss>

	<boss encounter="Magmaw" instance="Blackwing Descent">
		<mob name="Magmaw" id="41570" boss="true"/>
	</boss>
	<boss encounter="Omnotron Defense System" instance="Blackwing Descent">
		<mob name="Electron" id="42179" boss="true"/>
		<mob name="Toxitron" id="42180" boss="true"/>
		<mob name="Magmatron" id="42178" boss="true"/>
		<mob name="Arcanotron" id="42166" boss="true"/>
	</boss>
	<boss encounter="Maloriak" instance="Blackwing Descent">
		<mob name="Maloriak" id="41378" boss="true"/>
	</boss>
	<boss encounter="Atramedes" instance="Blackwing Descent">
		<mob name="Atramedes" id="41442" boss="true"/>
	</boss>
	<boss encounter="Chimaeron" instance="Blackwing Descent">
		<mob name="Chimaeron" id="43296" boss="true"/>
	</boss>
	<boss encounter="Nefarian" instance="Blackwing Descent">
		<mob name="Nefarian" id="41376" boss="true"/>
	</boss>

	<boss encounter="Halfus Wyrmbreaker" instance="The Bastion of Twilight">
		<mob name="Halfus Wyrmbreaker" id="44600" boss="true"/>
	</boss>
	<boss encounter="Valiona and Theralion" instance="The Bastion of Twilight">
		<mob name="Valiona" id="45992" boss="true"/>
		<mob name="Theralion" id="45993" boss="true"/>
	</boss>
	<boss encounter="Twilight Ascendant Council" instance="The Bastion of Twilight">
		<mob name="Feludius" id="43687" boss="false"/>
		<mob name="Ignacious" id="43686" boss="false"/>
		<mob name="Arion" id="43688" boss="false"/>
		<mob name="Terrastra" id="43689" boss="false"/>
		<mob name="Elementium Monstrosity" id="43735" boss="true"/>
	</boss>
	<boss encounter="Cho'gall" instance="The Bastion of Twilight">
		<mob name="Cho'gall" id="43324" boss="true"/>
	</boss>
	<boss encounter="Sinestra" instance="The Bastion of Twilight">
		<mob name="Sinestra" id="45213" boss="true"/>
	</boss>
	
	<boss encounter="Conclave of Wind" instance="Throne of the Four Winds">
		<mob name="Nezir" id="45871" boss="true"/>
		<mob name="Anshal" id="45870" boss="true"/>
		<mob name="Rohash" id="45872" boss="true"/>
	</boss>
	<boss encounter="Al'Akir" instance="Throne of the Four Winds">
		<mob name="Al'Akir" id="46753" boss="true"/>
	</boss>

    <boss instance="Zul'Aman" encounter="Akil'zon">
        <mob boss="true" id="23574" name="Akil'zon"/>
    </boss>
    <boss instance="Zul'Aman" encounter="Daakara">
        <mob boss="true" id="23863" name="Daakara"/>
    </boss>
    <boss instance="Zul'Aman" encounter="Halazzi">
        <mob boss="true" id="23577" name="Halazzi"/>
    </boss>
    <boss instance="Zul'Aman" encounter="Hex Lord Malacrass">
        <mob boss="true" id="24239" name="Hex Lord Malacrass"/>
    </boss>
    <boss instance="Zul'Aman" encounter="Jan'alai">
        <mob boss="true" id="23578" name="Jan'alai"/>
    </boss>
    <boss instance="Zul'Aman" encounter="Nalorakk">
        <mob boss="true" id="23576" name="Nalorakk"/>
    </boss>
    <boss encounter="Zul'jin" instance="Zul'aman">
        <mob name="Zul'jin" id="23863" boss="true"/>
    </boss>

    <boss instance="Zul'Gurub" encounter="Bloodlord Mandokir">
        <mob boss="true" id="52151" name="Bloodlord Mandokir"/>
    </boss>
    <boss instance="Zul'Gurub" encounter="Gri'lek">
        <mob boss="true" id="52258" name="Gri'lek"/>
    </boss>
    <boss instance="Zul'Gurub" encounter="Hazza'rah">
        <mob boss="true" id="52271" name="Hazza'rah"/>
    </boss>
    <boss instance="Zul'Gurub" encounter="High Priest Venoxis">
        <mob boss="true" id="52155" name="High Priest Venoxis"/>
    </boss>
    <boss instance="Zul'Gurub" encounter="High Priestess Kilnara">
        <mob boss="true" id="52059" name="High Priestess Kilnara"/>
    </boss>
    <boss instance="Zul'Gurub" encounter="Jin'do the Godbreaker">
        <mob boss="true" id="52148" name="Jin'do the Godbreaker"/>
        <mob boss="true" id="52430" name="Hakkar's Chains"/>
        <mob boss="false" id="52624" name="Twisted Spirit"/>
    </boss>
    <boss instance="Zul'Gurub" encounter="Renataki">
        <mob boss="true" id="52269" name="Renataki"/>
    </boss>
    <boss instance="Zul'Gurub" encounter="Wushoolay">
        <mob boss="true" id="52286" name="Wushoolay"/>
    </boss>
    <boss instance="Zul'Gurub" encounter="Zanzil">
        <mob boss="true" id="52053" name="Zanzil"/>
        <mob boss="false" id="52055" name="Zanzili Zombie"/>
        <mob boss="false" id="52054" name="Zanzili Berserker"/>
    </boss>
	
</root>
